ID,label,0,1,2,3,4,5,6,7,8,9,10,11,12,13,14,15,16,17,18,19,20,21,22,23,24,25,26,27,28,29,30,31,32,33,34,35,36,37,38,39,40,41,42,43,44,45,46,47,48,49,50,51,52,53,54,55,56,57,58,59,60,61,62,63,64,65,66,67,68,69,70,71,72,73,74,75,76,77,78,79,80,81,82,83,84,85,86,87,88,89,90,91,92,93,94,95,96,97,98,99,100,101,102,103,104,105,106,107,108,109,110,111,112,113,114,115,116,117,118,119,120,121,122,123,124,125,126,127,128,129,130,131,132,133,134,135,136,137,138,139,140,141,142,143,144,145,146,147,148,149,150,151,152,153,154,155,156,157,158,159,160,161,162,163,164,165,166,167,168,169,170,171,172,173,174,175,176,177,178,179,180,181,182,183,184,185,186,187,188,189,190,191,192,193,194,195,196,197,198,199,200,201,202,203,204,205,206,207,208,209,210,211,212,213,214,215,216,217,218,219,220,221,222,223,224,225,226,227,228,229,230,231,232,233,234,235,236,237,238,239,240,241,242,243,244,245,246,247,248,249,250,251,252,253,254,255,256,257,258,259,260,261,262,263,264,265,266,267,268,269,270,271,272,273,274,275,276,277,278,279,280,281,282,283,284,285,286,287,288,289,290,291,292,293,294,295,296,297,298,299,300,301,302,303,304,305,306,307,308,309,310,311,312,313,314,315,316,317,318,319,320,321,322,323,324,325,326,327,328,329,330,331,332,333,334,335,336,337,338,339,340,341,342,343,344,345,346,347,348,349,350,351,352,353,354,355,356,357,358,359,360,361,362,363,364,365,366,367,368,369,370,371,372,373,374,375,376,377,378,379,380,381,382,383,384,385,386,387,388,389,390,391,392,393,394,395,396,397,398,399,400,401,402,403,404,405,406,407,408,409,410,411,412,413,414,415,416,417,418,419,420,421,422,423,424,425,426,427,428,429,430,431,432,433,434,435,436,437,438,439,440,441,442,443,444,445,446,447,448,449,450,451,452,453,454,455,456,457,458,459,460,461,462,463,464,465,466,467,468,469,470,471,472,473,474,475,476,477,478,479,480,481,482,483,484,485,486,487,488,489,490,491,492,493,494,495,496,497,498,499,500,501,502,503,504,505,506,507,508,509,510,511,512,513,514,515,516,517,518,519,520,521,522,523,524,525,526,527,528,529,530,531,532,533,534,535,536,537,538,539,540,541,542,543,544,545,546,547,548,549,550,551,552,553,554,555,556,557,558,559,560,561,562,563,564,565,566,567,568,569,570,571,572,573,574,575,576,577,578,579,580,581,582,583,584,585,586,587,588,589,590,591,592,593,594,595,596,597,598,599,600,601,602,603,604,605,606,607,608,609,610,611,612,613,614,615,616,617,618,619,620,621,622,623,624,625,626,627,628,629,630,631,632,633,634,635,636,637,638,639,640,641,642,643,644,645,646,647,648,649,650,651,652,653,654,655,656,657,658,659,660,661,662,663,664,665,666,667,668,669,670,671,672,673,674,675,676,677,678,679,680,681,682,683,684,685,686,687,688,689,690,691,692,693,694,695,696,697,698,699,700,701,702,703,704,705,706,707,708,709,710,711,712,713,714,715,716,717,718,719,720,721,722,723,724,725,726,727,728,729,730,731,732,733,734,735,736,737,738,739,740,741,742,743,744,745,746,747,748,749,750,751,752,753,754,755,756,757,758,759,760,761,762,763,764,765,766,767,768,769,770,771,772,773,774,775,776,777,778,779,780,781,782,783,784,785,786,787,788,789,790,791,792,793,794,795,796,797,798,799,800,801,802,803,804,805,806,807,808,809,810,811,812,813,814,815,816,817,818,819,820,821,822,823,824,825,826,827,828,829,830,831,832,833,834,835,836,837,838,839,840,841,842,843,844,845,846,847,848,849,850,851,852,853,854,855,856,857,858,859,860,861,862,863,864,865,866,867,868,869,870,871,872,873,874,875,876,877,878,879,880,881,882,883,884,885,886,887,888,889,890,891,892,893,894,895,896,897,898,899,900,901,902,903,904,905,906,907,908,909,910,911,912,913,914,915,916,917,918,919,920,921,922,923,924,925,926,927,928,929,930,931,932,933,934,935,936,937,938,939,940,941,942,943,944,945,946,947,948,949,950,951,952,953,954,955,956,957,958,959,960,961,962,963,964,965,966,967,968,969,970,971,972,973,974,975,976,977,978,979,980,981,982,983,984,985,986,987,988,989,990,991,992,993,994,995,996,997,998,999,1000,1001,1002,1003,1004,1005,1006,1007,1008,1009,1010,1011,1012,1013,1014,1015,1016,1017,1018,1019,1020,1021,1022,1023
TRAIN_000,building,251,196,51,63,68,78,189,34,62,61,55,60,64,109,132,130,124,57,50,58,56,56,24,91,199,76,62,34,73,214,248,247,249,203,150,95,94,138,209,125,135,145,158,85,135,254,248,248,254,121,86,136,129,130,131,194,219,139,101,105,145,214,249,247,249,221,220,237,241,237,228,239,240,238,239,213,225,249,246,245,249,192,220,243,239,242,243,231,223,233,240,241,232,228,249,248,248,248,248,247,248,249,250,250,250,250,249,253,252,247,247,246,245,252,249,246,248,248,247,250,251,249,248,249,250,250,247,247,248,249,249,249,251,252,251,252,252,252,252,251,251,251,251,252,253,249,250,251,251,252,251,251,251,251,251,251,251,250,248,248,250,227,219,221,222,222,223,225,225,225,224,223,222,222,225,219,209,221,220,223,223,222,222,223,223,223,224,224,219,227,251,247,251,200,183,188,188,189,190,191,191,190,191,191,187,202,125,42,66,203,200,193,193,190,189,189,188,188,188,190,184,207,252,247,251,207,191,195,194,195,196,196,195,195,195,194,210,184,65,81,58,67,191,205,195,194,194,194,195,195,195,197,192,213,252,247,251,207,190,194,193,194,195,195,194,193,195,194,142,84,107,129,84,18,73,186,199,192,193,193,194,195,195,197,192,214,252,247,252,209,190,195,193,194,194,195,192,196,202,142,58,91,170,66,44,61,61,63,183,195,193,192,194,195,195,197,193,215,251,247,252,210,191,196,194,194,194,192,199,196,129,83,77,164,51,43,61,94,100,84,46,142,204,192,194,195,195,197,192,215,252,248,252,210,191,196,195,195,191,205,177,99,67,107,149,145,108,45,81,85,75,58,78,52,126,209,189,194,195,197,192,214,252,249,252,211,192,198,196,192,203,159,92,82,123,139,101,64,148,121,39,84,61,52,102,96,46,94,208,194,193,197,192,214,252,249,251,213,195,200,197,195,196,108,81,106,129,139,97,125,135,163,121,48,73,99,93,84,60,69,134,192,200,197,194,215,251,248,251,215,196,201,195,206,130,74,131,118,146,70,140,197,223,147,167,110,30,117,62,37,103,92,23,152,190,202,196,218,251,248,251,215,197,199,216,137,56,88,149,164,95,169,199,217,229,218,127,182,138,26,71,96,95,85,85,15,99,216,196,219,251,248,251,214,194,211,139,59,61,190,133,103,140,211,230,232,225,228,230,149,187,102,66,91,77,55,94,16,84,220,199,220,251,249,251,214,193,216,116,16,174,174,93,73,66,55,214,245,227,208,95,60,112,203,114,31,90,83,47,29,110,216,201,222,252,249,251,215,195,211,149,62,99,107,61,83,151,77,99,203,212,103,135,109,68,94,194,128,42,73,33,157,212,204,205,222,252,249,252,215,196,200,201,195,57,57,171,73,168,148,16,139,187,14,170,125,65,140,136,195,67,13,47,201,203,204,206,223,252,250,251,214,197,200,195,210,108,52,184,56,155,131,17,140,186,22,153,176,47,131,203,37,60,73,44,205,221,217,206,223,252,250,251,215,198,201,196,210,101,54,190,73,72,70,65,152,180,82,77,71,62,131,221,42,102,104,43,177,136,157,209,223,252,250,251,216,198,203,201,215,109,39,140,130,128,129,150,174,170,162,154,143,146,141,104,26,127,124,35,129,56,39,158,237,250,250,251,213,200,206,196,212,117,26,54,39,51,42,39,41,45,49,51,49,52,49,43,20,95,68,29,101,172,102,94,220,249,250,249,226,175,69,50,67,67,84,192,148,145,170,174,174,176,179,169,125,143,141,128,29,58,36,43,175,196,146,31,92,253,247,251,175,53,79,146,100,35,60,119,118,83,104,129,134,139,136,127,88,79,92,61,14,57,55,50,182,183,165,44,103,253,247,253,84,18,158,179,156,83,20,48,25,44,76,25,19,19,19,21,63,53,27,49,32,112,69,51,154,134,125,32,106,253,247,253,76,47,169,144,150,81,42,158,60,86,164,48,59,113,121,56,71,135,28,134,89,131,69,32,78,75,65,44,128,253,248,253,95,34,97,87,77,34,47,190,152,128,162,43,87,183,185,74,61,213,180,208,87,142,63,72,106,26,33,199,250,250,250,247,224,122,15,20,41,127,52,231,223,183,206,47,76,147,145,57,79,223,194,215,98,105,33,137,151,34,49,101,188,252,249,250,218,64,113,119,48,161,55,222,247,246,241,50,78,160,159,60,83,236,222,237,97,44,89,132,140,181,141,16,137,253,247,252,194,15,66,77,23,139,61,80,97,100,106,48,84,114,114,69,36,70,80,89,44,85,195,63,30,73,65,63,201,251,248
TRAIN_001,building,247,184,203,237,255,255,193,255,255,255,255,255,255,255,255,255,255,255,255,255,255,255,255,255,255,255,255,255,255,255,255,255,206,198,183,208,223,223,131,139,147,145,142,141,142,143,144,142,136,137,141,143,131,127,122,135,139,139,137,139,140,143,143,142,252,255,213,238,252,253,126,107,118,114,116,122,120,119,123,122,128,128,121,115,133,181,181,120,112,122,126,124,123,120,121,121,253,255,215,240,255,255,131,124,144,145,149,141,147,158,145,143,144,153,154,181,231,198,149,95,145,150,137,144,152,156,145,145,253,255,214,241,255,255,133,133,156,161,162,165,169,163,162,159,156,149,125,168,245,147,65,66,114,150,148,157,153,160,165,156,253,255,215,241,255,255,139,163,169,161,173,168,153,172,156,115,109,129,139,141,193,131,70,68,83,123,149,142,155,158,155,169,253,255,216,241,255,254,143,168,170,175,172,151,186,110,92,138,195,213,178,127,131,137,121,90,148,172,184,151,129,140,186,136,253,255,215,242,255,254,146,172,187,190,177,120,141,162,160,159,204,148,129,150,170,153,153,155,157,161,148,150,171,151,98,80,253,255,213,241,255,254,150,183,194,192,188,129,149,129,166,173,145,147,151,146,139,124,124,147,150,154,163,143,86,56,49,71,253,255,213,240,255,254,156,200,202,207,201,144,133,135,149,154,181,191,172,172,169,171,172,166,173,189,121,57,58,77,62,80,253,255,216,241,255,254,164,203,217,220,208,138,158,174,139,160,108,167,143,137,142,135,138,137,139,86,35,70,51,80,49,87,253,255,217,242,255,254,166,227,235,228,218,149,118,138,166,182,128,195,50,55,78,75,88,61,141,94,42,79,63,66,43,91,253,255,220,243,255,254,167,232,237,239,237,138,164,184,142,175,141,203,86,106,130,131,138,131,187,117,51,83,58,67,67,86,254,255,225,244,255,253,169,236,238,188,193,147,119,132,163,187,128,196,129,167,167,175,175,172,196,98,45,85,68,66,47,84,254,251,212,246,255,252,171,229,146,146,99,104,172,184,146,176,140,206,75,36,52,52,59,57,159,112,53,73,68,83,52,81,255,248,180,247,255,253,149,205,209,158,110,113,126,132,167,183,136,202,78,43,73,90,89,79,172,114,36,83,56,66,56,59,254,255,218,247,255,255,143,204,231,213,133,103,168,180,146,169,133,199,95,108,129,151,149,147,187,118,46,78,68,80,78,57,253,255,225,243,255,255,144,169,178,160,99,105,134,133,167,182,133,190,117,154,155,163,163,157,191,103,49,84,60,61,41,55,253,255,213,241,255,255,121,77,101,87,47,91,153,185,141,168,144,205,71,31,40,42,54,49,162,116,49,80,67,78,67,44,253,255,214,240,255,255,139,118,75,78,70,107,143,147,151,177,128,200,77,46,78,96,95,88,169,116,35,83,56,57,58,64,253,255,212,240,255,255,157,206,114,81,91,72,181,204,131,158,129,196,96,116,133,153,157,151,184,107,47,75,71,106,98,54,253,255,212,240,255,254,169,161,77,60,115,77,91,118,157,197,142,189,92,127,136,139,142,137,171,111,68,109,100,50,45,60,253,255,214,240,255,254,175,240,209,206,210,110,128,98,74,137,187,185,136,151,157,158,152,148,169,144,104,64,37,35,45,58,253,255,216,240,255,255,162,234,254,255,149,118,182,99,122,151,119,140,92,88,85,90,80,81,121,86,64,66,48,47,66,92,253,255,217,239,255,255,131,175,209,225,207,156,252,199,162,136,139,167,78,66,74,69,106,115,114,66,69,57,53,80,104,112,253,255,218,239,255,255,148,218,188,174,195,240,253,253,250,200,152,130,80,92,91,87,149,97,66,72,55,91,177,153,98,95,253,255,219,239,255,255,127,99,174,159,62,151,225,251,246,254,225,137,140,151,152,132,113,97,98,58,65,181,248,198,108,99,253,254,219,239,254,254,144,152,132,84,108,166,163,150,141,176,224,184,252,247,243,249,197,135,159,80,81,187,206,158,93,107,254,255,223,244,255,255,151,172,182,175,180,179,170,83,90,98,72,186,253,253,253,254,236,127,104,77,70,150,148,101,74,50,248,221,204,214,233,236,139,145,153,151,152,151,153,152,116,74,81,152,187,203,222,221,224,201,93,77,81,79,90,71,56,85,244,181,198,223,239,240,173,224,230,229,228,227,228,231,238,238,243,237,230,228,232,233,235,237,232,232,232,228,229,231,230,235,234,200,194,231,251,251,185,234,242,241,240,240,240,241,241,241,241,244,245,244,245,244,242,239,241,242,242,241,241,241,240,238
TRAIN_002,building,217,223,232,231,239,212,109,115,155,164,189,158,45,46,85,118,145,114,87,39,32,87,163,199,199,209,205,187,214,247,240,240,218,223,231,231,228,246,239,189,159,164,143,57,131,209,156,112,104,61,11,51,148,213,217,216,218,207,204,230,220,234,242,239,217,224,232,233,221,230,243,250,238,209,126,160,250,255,255,225,128,59,134,244,255,243,234,223,210,231,246,250,185,224,244,238,219,224,233,233,238,238,239,239,240,242,250,233,193,207,227,214,201,238,255,246,228,228,233,237,248,249,244,243,253,245,240,239,209,197,204,210,212,214,219,222,223,223,224,232,235,202,178,209,233,230,228,224,214,227,233,232,229,227,225,224,219,218,217,217,208,216,228,227,230,231,233,234,235,235,235,235,235,241,241,236,237,242,238,239,242,239,239,238,239,238,238,239,238,238,238,238,212,219,228,229,231,233,234,235,235,235,236,236,236,234,236,242,220,216,244,242,236,236,237,237,237,236,237,237,237,237,237,238,216,219,227,229,231,233,233,234,234,234,234,233,236,240,219,179,84,82,173,223,241,240,234,234,234,234,235,234,235,236,237,238,216,220,227,228,230,231,231,232,232,231,233,238,232,184,102,43,42,88,91,120,182,226,241,234,230,231,232,233,234,234,235,236,216,221,228,228,228,228,229,229,229,233,229,196,128,52,38,94,147,159,138,99,98,130,183,226,236,229,229,231,232,234,235,235,215,220,227,227,227,226,226,229,230,211,141,64,36,72,136,164,152,154,167,169,142,77,99,142,194,231,234,229,231,233,234,235,215,219,226,226,223,227,229,212,160,85,38,59,119,150,147,145,162,163,171,149,118,132,116,106,102,151,218,239,237,231,233,233,216,220,226,226,233,217,177,106,31,35,79,117,136,143,153,137,114,152,132,184,114,112,150,80,86,104,104,168,221,242,235,233,218,220,223,227,180,100,57,30,41,119,184,93,101,91,93,121,134,154,140,157,187,125,82,48,105,118,100,86,122,173,232,234,219,220,226,217,93,65,49,97,102,135,145,123,45,32,47,127,131,131,140,174,202,105,65,66,109,130,143,113,102,103,207,243,220,222,227,222,69,70,88,141,116,116,127,147,31,40,71,107,74,121,132,106,156,102,96,148,157,160,159,145,117,51,205,246,221,223,225,229,143,95,68,67,92,91,135,80,39,47,122,205,126,75,63,35,43,130,182,183,169,170,116,55,40,81,226,240,220,222,225,224,197,145,143,103,59,78,108,104,103,116,154,154,160,35,33,43,36,65,156,162,142,72,35,81,83,123,234,237,221,223,228,223,192,103,162,166,155,110,75,96,133,105,90,114,125,45,38,39,32,62,132,85,39,67,99,122,59,111,235,237,221,223,228,224,179,99,148,133,127,197,151,100,64,84,105,120,89,75,32,56,97,106,54,54,103,95,88,92,65,118,235,237,219,223,228,226,163,217,215,132,117,202,126,186,170,101,57,88,154,105,65,99,63,55,97,94,98,82,93,118,135,140,235,237,217,222,227,227,165,110,180,216,179,212,89,193,136,176,163,84,59,88,56,61,93,121,119,91,101,112,125,137,76,126,237,236,217,220,226,224,178,91,159,116,174,222,175,220,88,168,119,199,180,106,83,103,105,84,108,107,121,130,99,101,52,113,236,237,217,221,225,224,169,151,165,104,145,172,154,213,168,197,89,192,100,174,138,70,92,74,130,115,120,76,88,103,80,120,231,237,217,220,223,224,156,172,209,147,127,213,90,177,182,219,180,206,86,144,126,56,130,129,120,83,103,82,106,130,120,135,228,234,218,220,223,222,164,88,117,212,188,205,100,212,90,157,163,224,193,193,138,136,126,102,91,91,104,125,127,120,53,127,242,240,219,222,223,225,166,101,137,128,98,171,155,211,103,170,99,193,178,210,135,94,82,65,99,96,125,115,90,91,67,90,127,215,220,225,233,217,102,120,164,127,108,65,48,119,155,188,102,209,73,128,124,48,102,88,145,112,115,73,87,91,89,83,19,68,220,227,197,202,141,96,139,164,131,51,62,47,92,209,217,220,93,154,124,74,135,137,105,76,103,78,91,93,102,84,127,192,211,190,233,240,235,214,122,118,128,24,103,107,77,169,125,226,217,204,142,146,104,77,101,82,81,84,88,93,121,179,209,205,212,191,186,201,237,253,255,113,90,135,119,115,91,189,92,193,144,193,123,72,90,68,90,69,79,83,134,176,197,196,197,206,214,229,224,212,180,206,164,127,199,214,201,139,71,159,94,207,63,130,121,49,98,77,96,90,103,166,191,163,190,190,206,231
TRAIN_003,cat,133,149,153,138,68,157,159,166,170,167,166,164,165,151,122,99,82,78,72,58,47,49,41,28,36,32,21,46,148,145,155,121,194,217,209,210,216,209,207,208,211,210,211,213,217,220,226,229,228,227,228,227,231,236,235,232,236,235,229,229,219,215,221,162,228,254,253,253,253,253,254,254,254,254,254,254,254,254,253,252,252,253,253,253,252,251,250,251,251,252,253,253,254,254,255,192,222,250,245,246,245,245,245,244,245,246,245,245,246,243,246,252,250,243,246,247,247,247,247,247,247,246,247,247,247,246,253,192,225,249,246,249,245,245,245,254,246,246,247,244,244,254,248,224,237,255,254,245,249,248,248,246,249,253,248,246,247,246,254,193,228,249,245,239,254,254,210,180,254,251,244,254,254,177,99,84,90,121,227,255,249,245,247,254,242,222,253,254,254,245,254,194,233,245,245,188,164,217,255,191,168,228,255,178,69,41,137,253,212,49,47,135,247,254,248,209,185,233,240,186,203,245,252,192,234,253,254,255,219,159,145,194,200,180,105,82,178,248,148,62,67,212,224,103,53,171,181,168,194,165,150,189,249,255,254,189,237,199,164,186,215,235,218,179,167,111,74,244,255,245,255,45,127,255,250,254,160,19,131,189,181,206,235,227,193,160,207,192,233,237,207,189,176,169,170,180,164,64,156,249,240,254,183,5,25,218,250,238,214,83,43,136,190,180,165,165,184,208,243,186,236,245,236,233,223,210,206,151,81,27,149,238,243,235,91,185,96,129,255,246,182,93,57,38,129,200,205,226,236,238,253,186,240,199,151,149,153,164,59,78,155,153,190,208,252,235,234,255,190,77,160,211,131,81,44,48,11,107,184,165,158,162,234,196,240,252,254,254,255,164,135,238,254,255,255,254,208,217,254,250,190,78,68,139,180,166,109,53,36,36,233,255,254,254,254,191,242,247,242,252,178,79,230,249,238,146,102,120,74,164,253,251,197,90,28,39,49,99,180,164,61,10,73,241,246,244,253,190,241,248,246,245,88,147,243,234,53,1,0,0,0,197,254,252,196,103,2,10,18,7,13,162,174,40,8,165,254,243,254,192,241,246,254,204,84,204,254,85,93,114,5,6,31,235,244,249,182,125,16,128,104,28,85,21,173,65,19,88,255,245,254,194,241,244,253,139,62,205,163,0,93,16,0,38,107,254,244,250,206,185,98,18,21,0,160,45,97,117,18,28,167,253,254,196,241,248,237,53,58,149,218,14,48,71,25,68,210,255,248,250,243,214,203,21,0,56,216,83,166,55,23,0,100,255,253,197,240,249,226,34,90,128,227,175,45,92,102,198,230,226,250,254,247,217,170,191,130,104,68,136,133,61,24,1,89,255,254,197,238,248,222,41,95,135,156,236,237,214,199,163,157,168,255,192,250,199,121,132,109,172,173,154,78,68,23,0,108,254,254,199,236,241,253,109,67,139,132,153,203,212,127,83,161,173,188,68,168,151,142,120,57,131,106,53,33,29,8,6,202,254,254,202,236,241,253,159,35,127,124,137,164,168,113,89,102,112,59,88,120,69,102,97,52,111,72,36,26,30,23,40,245,248,254,198,238,242,251,191,6,52,116,128,140,109,56,94,79,32,38,66,125,34,46,67,46,56,58,42,23,19,0,82,254,242,254,200,238,241,253,162,25,8,21,63,73,49,82,130,64,53,48,49,49,15,14,91,52,19,25,17,1,0,10,64,241,247,254,203,236,244,246,122,67,77,41,10,23,72,99,124,38,52,43,40,41,12,19,49,24,7,23,8,14,65,92,53,183,254,253,199,234,248,224,102,115,136,130,85,14,0,28,22,6,11,8,10,9,12,41,11,34,13,5,55,123,142,162,120,121,254,252,201,234,252,186,113,191,221,241,169,62,109,83,4,11,7,3,3,4,5,18,2,42,141,71,129,165,171,193,199,87,250,253,201,234,254,150,146,255,236,189,169,153,74,0,0,0,0,0,0,0,0,0,0,0,30,123,154,177,182,187,230,96,220,254,197,234,254,134,177,254,228,203,109,45,72,92,140,122,136,129,124,126,99,135,127,101,94,55,97,184,217,214,232,110,182,255,197,233,254,128,198,224,118,49,79,204,254,251,253,253,253,253,253,253,253,254,254,253,254,237,130,57,86,169,246,124,153,255,204,231,254,126,26,33,97,197,254,250,238,239,239,239,239,239,240,240,240,240,240,242,240,245,254,235,142,52,53,27,178,255,202,232,249,222,146,201,254,252,241,242,244,243,244,244,244,245,246,245,245,245,245,245,246,245,241,247,255,250,190,186,244,254,201
TRAIN_004,building,240,213,187,159,112,134,239,233,232,235,216,232,180,174,197,188,131,135,196,200,210,191,129,167,219,169,89,135,129,112,138,249,250,170,167,215,211,225,193,162,210,200,212,227,222,205,198,205,134,110,130,186,179,137,115,172,136,100,99,121,115,95,146,252,254,244,213,207,207,230,217,209,220,229,241,237,247,247,246,242,232,232,225,237,230,217,214,217,203,200,208,208,207,214,243,252,254,246,231,237,239,240,243,244,238,232,229,229,231,229,233,236,242,241,241,239,236,242,233,232,238,247,233,231,238,214,232,253,239,232,229,235,237,243,243,243,245,249,244,242,243,241,244,245,247,244,243,240,244,242,242,253,253,254,236,232,233,223,199,245,229,248,255,255,255,254,254,255,241,163,182,195,196,197,203,204,203,205,202,215,190,196,203,168,160,175,254,252,250,254,219,237,234,247,252,252,253,252,252,245,156,67,48,80,79,100,99,78,87,93,79,102,80,91,98,71,84,72,237,252,247,250,220,238,239,250,252,253,253,250,255,166,110,86,124,170,159,162,134,150,139,112,89,121,124,171,134,58,112,86,218,254,247,250,222,239,238,250,252,253,251,255,218,142,73,145,136,191,181,128,188,170,177,145,139,69,130,149,98,68,140,69,213,254,246,250,223,241,235,249,251,251,252,234,163,103,102,150,162,167,166,133,86,101,109,134,153,118,130,138,72,106,116,84,207,253,244,249,223,241,233,249,249,247,255,152,152,195,195,196,196,188,189,152,165,168,169,160,169,185,176,164,169,155,84,89,202,253,243,249,221,241,236,248,248,247,254,198,109,167,138,140,155,170,154,147,157,145,132,148,144,129,138,135,147,84,78,89,198,252,242,247,216,239,237,249,248,248,251,236,143,190,126,75,68,212,142,51,146,114,46,176,189,43,54,107,178,103,85,93,204,250,239,245,219,241,238,246,247,248,249,241,161,206,121,85,118,223,132,76,180,156,81,169,196,65,134,125,169,114,91,106,204,250,238,243,217,242,236,246,244,246,249,239,158,222,152,89,97,207,119,52,204,160,34,156,187,85,108,140,232,107,85,103,197,250,235,240,217,245,233,245,244,245,252,242,172,181,195,206,159,204,167,105,206,161,49,141,193,172,187,210,163,123,95,98,187,249,232,234,210,246,234,246,242,246,236,231,169,239,213,123,134,202,179,151,227,218,65,116,175,89,94,147,221,164,81,75,174,250,227,231,195,247,234,245,243,228,170,142,145,253,175,80,84,180,118,42,142,141,65,117,190,66,81,111,243,158,74,79,168,224,235,223,196,248,235,241,245,165,187,150,131,253,169,107,106,177,142,88,195,198,72,120,191,65,83,108,231,172,100,101,178,143,122,210,208,248,238,240,240,143,154,128,129,246,195,127,123,196,176,106,193,200,60,107,183,127,113,132,201,151,105,103,49,105,83,139,170,251,242,236,225,184,192,106,111,232,217,186,183,216,206,155,192,180,48,117,191,180,167,199,194,143,87,112,68,90,97,106,135,255,247,230,152,139,183,91,82,239,171,68,77,179,138,48,199,193,54,76,196,65,57,113,207,121,80,86,65,110,89,110,122,253,252,220,149,68,97,77,74,241,163,85,69,173,131,60,138,155,53,81,197,62,85,114,213,152,86,37,43,97,74,94,117,251,255,199,156,107,74,71,63,192,167,86,86,187,128,65,140,136,102,66,161,80,57,105,217,145,54,38,46,95,64,69,135,255,254,208,143,103,49,49,56,150,151,165,168,178,107,130,179,157,180,98,87,157,144,149,161,122,39,54,58,91,86,76,129,255,254,207,151,176,72,66,64,121,143,176,156,164,102,70,117,89,96,44,86,138,136,137,121,78,49,64,70,92,124,100,130,255,252,207,147,140,85,81,84,184,156,57,59,62,108,27,40,40,42,23,75,63,37,70,137,108,43,49,54,87,94,97,128,254,253,190,145,94,97,135,88,155,141,79,119,85,110,85,68,63,64,73,91,66,66,74,144,127,39,55,94,102,75,97,131,254,252,215,164,163,169,217,142,110,110,78,85,62,137,128,64,71,88,123,107,57,66,29,127,93,39,120,113,77,81,102,152,255,251,220,145,175,169,180,195,133,140,130,159,135,104,126,121,156,155,124,79,87,93,95,123,118,110,127,152,86,96,137,175,255,255,178,178,228,222,244,242,233,248,250,235,233,115,111,151,162,158,97,143,230,228,231,168,155,145,86,96,122,163,161,179,253,253,163,191,216,198,232,211,222,236,234,221,232,208,223,216,203,209,170,205,240,233,225,148,59,163,133,92,196,221,194,182,251
TRAIN_005,airplane,203,194,192,192,192,191,191,191,192,193,194,196,196,172,139,141,150,137,101,62,42,37,51,89,129,160,178,186,189,189,188,187,197,190,189,188,188,188,187,189,190,191,192,193,195,194,185,180,181,180,167,136,110,102,113,131,149,164,177,183,185,186,186,186,201,199,195,195,194,194,195,196,197,197,197,198,200,201,200,201,201,202,203,204,203,203,202,200,198,197,197,196,195,196,196,196,197,188,185,185,185,184,184,185,186,187,187,188,189,189,189,189,191,192,193,194,195,195,196,196,194,193,192,192,190,188,188,188,200,190,188,188,189,189,188,189,189,189,189,190,190,190,191,192,192,194,196,198,200,202,202,201,199,198,199,197,193,191,190,188,200,191,190,191,190,191,192,193,191,190,190,191,191,191,193,194,195,197,200,203,206,208,210,206,206,202,197,198,197,193,190,188,200,191,189,192,206,203,194,188,188,191,193,193,193,196,198,198,200,201,204,207,212,213,211,219,205,211,229,216,205,202,192,189,198,190,190,229,240,235,230,223,208,193,187,188,195,200,202,201,205,207,208,213,216,215,229,253,227,147,237,178,82,164,199,191,199,191,194,211,213,209,211,219,228,232,225,213,201,197,201,238,227,203,217,217,218,237,254,244,241,165,116,113,19,42,166,193,199,191,191,167,133,178,188,182,187,195,208,221,229,224,225,241,163,71,166,214,239,252,243,222,197,136,69,85,24,14,93,175,199,190,186,193,133,78,157,190,179,180,180,182,192,206,220,226,205,127,124,229,254,241,220,186,134,49,81,52,16,18,59,144,198,189,186,185,194,130,62,119,180,173,173,181,183,185,188,195,212,236,250,251,241,221,186,134,58,79,66,15,23,17,49,122,198,187,185,185,185,191,151,72,82,167,186,173,180,183,186,188,193,232,251,241,223,190,132,60,79,60,12,22,21,17,52,115,197,187,185,184,186,185,189,176,104,69,148,193,175,178,184,188,238,252,238,222,192,137,63,78,48,10,22,21,18,21,66,116,198,188,185,185,186,187,188,188,185,140,73,114,195,189,181,233,251,236,222,192,136,69,81,40,6,20,20,18,19,42,86,123,199,188,186,186,187,188,190,191,193,197,177,100,99,191,232,251,237,220,189,131,68,79,40,10,16,19,17,20,40,71,105,133,199,189,186,187,188,190,192,195,198,200,204,196,132,206,255,237,216,187,131,66,68,25,24,40,0,1,17,45,76,102,126,145,200,189,188,189,191,192,194,197,200,204,205,203,238,255,241,219,186,124,65,64,19,36,117,83,86,117,25,83,112,131,147,159,201,190,189,191,193,195,199,202,204,206,206,235,253,239,220,185,121,65,65,19,46,128,181,127,143,170,37,94,140,154,165,173,201,191,190,192,195,200,204,203,203,209,239,251,238,217,186,113,67,75,24,53,134,169,187,164,55,48,11,61,146,168,177,180,201,191,190,192,198,198,202,215,230,246,248,235,219,184,114,72,69,14,38,142,177,182,185,189,67,1,16,47,138,175,182,185,202,192,192,190,193,218,240,245,233,231,233,224,174,103,79,68,19,8,31,173,193,188,185,195,108,7,30,83,143,175,185,188,202,193,190,199,239,244,219,207,226,242,212,135,72,79,63,19,23,25,4,99,209,188,186,191,148,16,29,110,157,177,186,189,204,194,194,219,204,184,198,244,218,126,67,39,65,52,20,25,25,22,19,14,154,206,186,186,177,48,12,105,165,181,186,189,199,195,195,173,140,183,229,139,66,47,36,45,43,19,27,26,22,22,40,49,70,196,196,184,188,87,2,80,161,182,186,188,194,195,190,190,197,186,76,60,50,26,21,42,44,22,27,23,29,55,84,110,105,141,207,185,189,128,9,54,147,180,185,188,195,194,191,190,200,160,150,182,78,26,32,54,51,21,26,38,70,99,122,142,156,146,181,195,182,163,33,32,126,173,184,187,198,192,191,193,192,200,204,184,109,52,40,56,54,20,32,73,109,131,148,162,174,180,173,190,185,180,78,14,104,167,181,186,200,191,192,194,195,194,194,185,115,71,59,61,60,19,43,100,134,154,167,177,184,190,190,184,182,141,61,14,83,158,178,185,202,191,192,193,195,195,196,192,142,78,67,74,44,24,47,112,150,167,178,185,190,194,196,198,151,49,24,21,62,146,174,184,204,192,192,193,194,196,197,195,173,118,69,41,32,29,49,119,158,175,184,189,192,195,196,200,188,75,24,23,56,138,171,182,205,194,192,193,194,195,196,196,187,159,111,68,43,32,60,123,161,178,187,192,194,194,196,197,203,164,70,38,79,140,169,181
TRAIN_006,emotion_face,196,248,247,248,218,104,33,6,3,4,4,4,9,37,66,79,81,66,34,4,3,3,3,10,21,32,119,232,251,250,249,250,60,109,113,114,119,112,72,23,10,8,8,11,16,21,26,27,31,27,24,22,15,10,14,17,34,91,118,104,97,97,88,81,48,97,98,99,100,102,107,114,112,115,131,137,129,108,102,113,122,121,125,136,140,135,120,116,127,121,106,100,104,107,108,111,104,149,143,146,142,142,140,141,149,125,75,46,63,95,138,164,162,138,111,82,63,70,114,142,135,135,142,143,143,140,140,143,107,138,135,148,134,131,146,133,59,48,112,192,241,250,251,251,251,251,249,247,214,139,55,50,126,144,132,134,133,132,131,133,103,136,134,135,124,143,103,26,106,224,246,250,250,248,246,246,246,246,246,248,245,241,230,111,25,99,146,133,132,130,130,131,97,133,132,127,138,77,28,162,236,225,207,202,201,220,229,227,227,224,223,223,224,227,236,237,168,37,68,142,130,130,129,133,97,129,125,143,83,42,186,209,196,169,145,143,162,210,221,220,218,215,211,201,192,193,194,183,203,193,46,70,152,142,143,140,98,123,132,98,34,183,202,197,183,176,188,194,198,209,216,215,214,211,206,198,203,194,180,182,191,202,189,43,102,157,141,140,100,125,120,22,147,199,161,85,54,49,62,110,188,206,205,207,207,204,202,202,124,65,58,64,87,160,213,179,36,127,148,137,105,134,53,89,193,127,65,136,186,201,168,89,50,177,206,201,202,202,202,86,87,184,218,211,154,66,116,219,128,45,155,136,112,103,34,178,158,59,211,250,250,250,251,251,158,61,197,200,199,212,90,106,250,250,250,250,251,234,85,126,210,46,111,146,120,57,95,195,85,178,250,246,247,247,246,246,251,116,110,206,205,151,56,244,248,245,247,247,245,249,244,80,190,130,59,147,111,33,161,156,78,238,248,247,249,249,249,247,248,206,71,196,206,82,137,251,246,249,249,248,248,245,251,136,130,185,52,124,82,44,187,120,110,247,250,250,250,250,249,249,250,222,77,189,204,75,166,251,249,249,249,250,251,251,251,162,107,192,78,89,51,66,191,117,117,205,205,242,239,241,243,244,245,186,70,198,204,85,161,238,243,242,242,238,238,224,214,141,114,193,109,61,25,96,168,83,79,134,115,142,224,218,216,213,230,99,111,202,203,124,108,221,208,213,214,220,167,114,135,97,67,174,134,47,10,105,87,95,218,245,235,98,136,218,202,198,152,100,189,191,193,187,101,163,185,186,198,157,88,202,245,249,125,77,114,46,27,58,75,105,186,210,217,149,55,156,173,162,166,193,190,189,189,191,189,168,173,175,164,79,119,209,215,209,154,85,52,43,15,45,87,83,85,94,95,99,68,53,96,132,158,166,175,179,180,178,175,164,135,97,49,68,89,91,96,93,91,100,63,37,5,51,84,91,95,96,99,97,57,60,91,49,39,40,45,51,47,46,46,46,53,81,65,62,88,93,99,101,99,98,73,44,31,45,84,79,85,87,88,90,49,79,230,247,246,239,229,228,225,229,238,249,249,249,115,50,86,86,88,88,85,89,58,55,75,34,83,78,80,81,81,85,39,2,23,91,152,191,210,219,222,214,196,153,104,36,3,39,85,82,83,82,82,91,46,82,119,24,98,78,80,82,82,77,16,5,3,3,3,4,5,9,10,5,4,3,3,3,5,17,80,83,83,82,83,114,35,132,168,44,85,129,88,89,89,116,35,3,7,8,7,5,4,4,4,4,6,9,8,9,4,48,117,98,95,84,151,103,50,165,193,154,4,153,106,102,115,146,129,5,4,6,4,5,5,5,5,5,5,5,7,5,13,148,153,127,104,140,186,17,121,159,182,243,51,60,162,93,112,124,162,111,4,4,7,5,4,4,4,5,6,8,4,9,130,169,137,111,114,207,58,57,165,149,176,246,207,9,117,170,110,118,128,159,124,25,3,4,4,5,5,4,4,4,26,139,172,139,122,114,203,116,9,164,160,158,171,240,246,174,2,133,176,119,115,123,149,152,87,29,5,3,3,6,28,81,159,170,141,122,118,193,136,2,134,197,223,185,165,243,228,250,160,2,123,188,141,115,121,136,151,145,121,109,117,137,157,158,143,131,124,142,210,131,2,108,208,215,245,190,165,243,234,231,251,156,1,85,182,165,128,123,123,125,131,137,139,138,131,126,126,132,179,183,82,2,118,223,214,234,208,196,170,242,234,236,233,250,150,1,38,147,185,154,131,120,116,116,118,121,128,148,173,181,120,25,1,137,244,224,235,225,214,208
TRAIN_007,airplane,221,220,220,220,220,221,221,221,220,220,220,221,221,221,221,221,221,222,223,223,224,223,221,219,222,225,223,223,223,223,223,223,221,220,220,220,220,221,221,221,220,220,220,221,221,221,221,221,221,222,223,223,223,223,223,223,223,223,223,222,223,223,223,223,221,220,219,220,220,220,221,221,221,220,221,221,221,221,222,222,222,222,223,223,223,223,223,223,222,222,222,222,223,223,223,223,221,220,219,220,220,220,221,221,221,221,222,222,223,223,222,222,223,222,221,221,222,223,223,223,222,222,222,222,222,223,223,223,221,220,220,220,220,220,220,221,221,222,223,223,223,223,223,222,221,228,235,236,228,221,223,223,223,222,222,222,222,222,222,222,222,220,220,220,220,220,220,221,223,223,223,223,223,223,224,225,235,202,167,166,204,235,223,223,223,223,223,223,223,223,222,222,222,221,220,220,220,221,221,223,223,223,223,223,224,225,225,228,118,37,10,12,39,157,238,222,224,223,223,223,223,223,223,222,222,221,220,220,220,221,222,224,223,223,223,223,224,222,238,135,12,34,135,116,23,35,197,233,222,224,223,223,223,223,223,223,222,221,220,220,220,221,222,223,223,224,223,224,224,227,222,56,22,177,212,204,122,12,128,241,222,225,225,224,223,223,223,223,222,221,220,220,220,222,223,224,225,225,225,223,222,230,205,34,56,122,8,23,83,26,99,236,223,224,224,226,225,223,223,223,223,221,221,221,221,222,224,224,225,225,225,238,240,247,206,38,52,82,71,70,43,26,88,232,244,241,237,226,226,225,225,224,223,221,221,221,221,223,224,225,225,227,232,162,115,173,219,44,45,228,255,223,124,14,103,199,123,117,180,236,227,226,226,225,223,221,221,221,222,223,225,226,224,236,117,11,11,30,100,47,44,221,255,226,126,19,73,62,16,17,31,163,239,225,226,225,223,221,221,222,222,223,225,224,232,196,19,69,125,34,32,36,45,220,255,229,120,27,30,30,63,140,37,77,230,227,227,225,223,222,222,222,223,223,225,221,241,209,31,61,73,15,50,57,39,219,255,229,117,24,77,41,35,89,39,83,239,232,225,226,223,222,222,222,223,223,222,234,204,126,40,19,20,100,218,101,30,221,255,228,116,18,145,184,62,17,37,56,139,224,236,226,222,222,222,223,223,221,233,155,37,11,28,92,194,255,255,98,31,221,255,225,110,19,143,251,237,136,47,23,23,66,200,235,222,222,222,223,223,224,222,59,28,104,205,255,255,236,191,66,36,217,255,223,103,22,95,180,248,255,225,124,63,20,112,243,222,222,222,223,222,228,212,54,38,233,244,170,107,59,25,33,43,217,255,219,97,27,27,30,76,132,183,230,133,14,101,240,221,221,222,223,223,224,226,66,30,78,49,18,12,29,67,47,38,216,255,214,94,21,68,59,23,14,23,66,69,12,119,243,222,221,222,222,223,221,235,155,28,23,37,71,120,166,187,63,31,213,255,210,92,15,128,184,147,102,59,28,18,60,187,222,222,221,222,222,222,223,222,233,186,142,170,193,203,198,214,79,27,207,255,206,88,17,138,215,203,209,194,165,148,197,209,213,222,221,221,222,222,222,223,222,234,217,196,198,202,234,174,48,20,190,254,202,77,19,56,179,238,218,213,213,216,209,211,225,222,221,221,222,222,222,223,223,223,223,221,221,236,174,33,19,80,174,255,200,125,42,24,43,195,235,223,221,217,218,225,224,222,222,222,222,222,222,223,223,223,224,225,227,221,58,26,150,255,146,91,107,152,165,76,20,108,242,224,225,224,224,223,223,222,222,222,222,222,222,222,223,224,225,225,228,220,59,34,140,94,28,15,20,36,92,80,20,94,232,226,225,225,223,223,224,222,222,222,222,222,222,222,223,223,225,226,223,239,130,21,19,16,42,82,71,29,14,21,30,161,212,223,226,225,223,224,225,222,222,222,222,222,222,222,223,223,223,224,223,227,225,103,66,128,174,191,188,162,115,78,150,212,199,217,227,223,223,224,225,222,222,222,221,222,222,222,222,223,222,223,223,222,226,231,206,202,195,194,203,214,214,209,209,201,207,222,224,223,223,224,225,222,221,221,221,221,222,222,222,222,222,222,222,222,222,223,222,210,210,216,222,223,219,213,211,216,223,224,223,223,223,223,225,221,220,220,221,222,222,222,222,222,222,222,222,222,223,223,223,224,224,223,223,223,223,224,223,223,223,223,223,223,223,224,225,221,220,220,221,222,222,222,222,222,222,223,223,223,223,223,223,223,223,224,225,225,224,223,223,223,223,223,223,223,223,225,225
TRAIN_008,rabbit,254,255,255,255,255,255,255,255,244,227,251,248,236,233,242,241,251,248,243,240,231,225,228,229,226,255,255,255,255,255,255,255,255,251,231,229,230,229,230,229,231,239,235,238,236,234,233,234,232,233,234,235,235,236,235,235,236,231,231,231,230,230,229,245,255,250,216,215,215,214,213,214,214,142,125,167,211,220,213,215,216,216,216,216,215,214,214,214,214,215,215,215,215,216,214,239,255,250,218,217,217,216,213,224,144,58,108,122,137,198,225,218,217,219,219,219,218,218,217,217,218,217,217,217,217,218,217,241,255,250,218,217,217,216,212,227,102,71,150,161,134,131,175,222,219,216,218,218,217,217,217,217,217,217,217,217,216,218,216,241,255,250,217,217,216,216,213,225,129,81,159,164,161,129,167,163,219,220,217,218,218,216,214,216,216,216,217,217,216,217,216,241,255,250,217,217,216,216,215,217,202,101,149,162,164,140,126,166,156,212,212,205,207,212,223,218,215,216,216,216,216,217,215,241,255,250,217,217,217,216,216,214,223,170,102,138,123,114,86,120,135,109,187,170,172,172,184,208,223,216,216,216,216,216,215,241,255,250,217,217,217,216,216,216,215,223,162,90,71,56,73,60,89,104,152,174,186,177,188,182,189,222,215,216,216,217,215,241,255,250,218,217,217,216,216,216,216,215,224,198,114,59,55,61,35,59,54,42,78,156,146,196,164,187,224,214,216,217,215,241,255,250,218,217,217,216,216,216,216,216,213,217,232,132,35,51,36,26,43,0,4,143,126,139,197,174,199,220,214,217,216,241,255,250,218,217,216,216,216,216,216,215,215,210,194,125,35,37,55,85,92,84,96,129,115,110,156,188,150,204,218,216,216,241,255,250,217,217,217,217,216,216,216,216,212,218,147,49,34,66,92,140,163,180,149,120,104,87,147,198,90,207,218,216,216,241,255,250,217,217,217,217,217,216,215,215,227,199,143,101,39,65,95,88,107,121,98,85,84,98,155,156,121,218,215,217,216,241,255,250,217,216,217,216,216,214,223,212,185,115,160,137,109,87,101,133,141,120,92,62,135,142,81,114,223,215,215,217,216,241,255,250,217,216,217,216,215,226,186,137,122,112,138,136,157,162,156,169,174,181,183,168,174,167,183,164,197,223,215,217,216,241,255,250,217,216,217,214,225,149,96,128,84,108,130,138,156,182,198,217,241,254,255,254,254,254,255,242,158,203,220,217,216,241,255,250,218,216,212,226,151,58,86,82,52,118,126,128,140,162,195,219,231,235,245,247,251,251,247,255,188,165,227,216,216,241,255,251,218,214,221,187,44,51,54,48,55,123,127,121,130,138,166,208,216,218,223,235,246,251,249,252,227,126,220,217,216,241,255,251,218,214,219,75,28,43,45,41,64,125,127,125,127,132,140,165,176,182,183,197,229,241,241,232,213,115,218,216,217,241,255,251,217,221,169,25,52,64,47,41,48,105,124,131,129,130,133,137,141,156,160,159,181,194,196,200,165,148,222,216,216,241,255,250,215,229,94,36,87,100,80,52,44,78,118,127,132,135,132,134,133,135,139,139,140,138,150,156,123,214,218,216,216,241,255,250,215,232,101,40,84,86,93,74,49,56,110,125,130,135,130,123,131,129,130,131,130,141,126,109,197,222,214,217,216,240,255,248,214,222,133,35,72,75,80,79,53,37,73,107,122,122,126,111,92,98,126,123,129,109,66,199,224,214,216,217,216,240,255,248,211,157,141,43,58,62,66,55,42,23,15,50,93,103,122,128,95,58,84,80,61,7,74,214,219,214,216,218,217,241,255,247,221,137,108,56,37,41,63,67,94,87,43,10,53,87,92,83,73,59,44,7,4,25,171,185,177,228,215,218,217,241,255,247,197,167,78,46,16,23,41,41,93,100,83,33,1,25,54,80,101,175,174,90,2,28,143,238,158,147,228,216,217,241,255,249,197,199,185,165,149,137,129,114,123,117,113,130,119,113,91,123,128,155,136,132,93,117,122,165,154,163,223,215,215,240,255,252,233,231,233,236,240,243,242,242,239,241,244,244,248,246,236,230,228,230,233,232,245,244,242,235,236,237,228,230,229,245,254,255,255,255,255,254,254,254,254,253,253,244,195,233,214,236,255,255,255,223,242,255,253,253,254,254,254,254,255,255,255,255,254,254,254,254,254,254,254,255,254,253,255,210,141,195,142,163,158,141,171,126,202,255,253,255,255,255,254,254,254,254,255,254,254,254,255,255,255,255,255,255,255,254,255,225,155,195,203,164,118,158,195,181,212,255,253,255,255,255,255,255,255,255,254,254
TRAIN_009,airplane,247,247,246,246,246,246,245,245,245,245,245,245,245,244,244,245,245,244,245,245,245,245,243,244,246,246,246,245,245,243,245,244,248,247,251,252,252,253,252,252,253,253,252,252,252,252,251,252,252,252,252,252,252,253,252,252,252,252,252,252,252,251,247,245,249,252,235,232,233,233,232,232,231,231,231,232,232,231,230,231,232,233,232,232,231,230,230,230,231,232,233,233,230,232,249,245,253,208,143,145,144,144,144,142,142,142,140,140,140,142,143,142,143,143,142,142,140,140,139,141,141,143,145,143,143,134,197,250,253,180,136,143,141,141,142,149,150,149,148,142,142,135,130,141,139,140,139,139,139,140,142,139,139,130,121,131,130,133,171,252,253,183,136,141,139,142,145,91,39,36,86,142,145,93,68,137,120,136,134,135,107,99,95,136,135,111,83,88,79,131,176,253,253,181,139,143,141,143,48,17,91,92,5,48,143,130,129,128,112,131,130,133,52,63,52,134,136,137,136,131,131,125,178,254,253,184,142,143,148,81,34,226,255,255,196,11,102,145,134,134,133,133,132,133,129,134,136,140,134,106,102,110,126,126,179,254,254,185,144,155,157,27,146,255,243,244,255,83,10,117,146,149,138,129,141,142,139,136,140,129,25,20,23,6,40,130,180,253,253,190,149,97,56,10,166,250,247,249,249,214,124,42,54,60,12,12,20,110,143,135,144,40,66,243,225,68,43,140,180,253,252,206,72,49,144,190,254,255,255,255,255,255,255,244,120,89,193,219,128,14,118,146,102,8,206,144,79,21,78,141,182,253,254,189,2,106,189,184,179,180,187,195,193,186,180,180,183,186,195,195,179,3,84,153,18,106,232,130,85,7,111,140,183,253,254,187,72,57,55,53,55,64,72,82,88,87,86,82,78,82,84,83,80,99,154,71,23,231,204,150,80,20,138,138,183,253,253,200,158,162,161,167,165,127,111,110,96,96,96,97,96,96,98,98,99,95,39,14,191,237,175,129,45,49,147,135,183,253,253,192,147,148,159,115,12,6,9,24,74,72,75,70,71,68,67,68,73,78,106,219,254,209,181,123,22,77,144,131,179,252,253,191,148,166,124,14,116,213,72,108,254,251,248,251,249,249,247,245,246,245,247,236,212,165,108,63,10,128,145,130,174,252,253,188,160,112,0,1,67,57,4,184,184,79,189,80,173,83,142,133,105,154,70,203,101,42,59,37,9,40,95,130,173,252,252,189,139,8,131,170,135,136,191,243,150,62,190,55,177,79,141,112,74,137,37,186,27,88,199,218,190,71,0,90,180,250,252,191,97,9,203,211,215,212,203,181,167,128,109,112,108,110,111,165,180,167,166,157,94,13,15,20,42,30,30,116,181,252,253,188,124,4,57,101,109,126,141,135,25,61,92,90,78,77,52,18,117,114,80,69,70,65,13,40,71,97,138,138,180,253,254,185,149,71,1,42,62,64,65,61,31,120,227,250,255,255,244,129,5,31,63,35,23,32,98,160,158,150,143,137,180,254,254,188,143,148,90,34,25,27,27,31,23,2,41,142,213,244,251,253,177,28,5,73,124,145,158,105,51,83,143,136,180,253,254,189,147,155,157,152,128,109,98,90,93,28,3,4,59,156,216,247,255,209,47,39,145,154,144,122,94,109,139,134,179,253,253,190,146,81,57,109,146,146,146,153,135,23,150,82,6,14,90,183,227,255,239,69,5,107,153,110,47,45,60,128,178,254,253,190,145,116,105,126,137,136,134,141,98,35,238,77,57,109,15,29,129,199,242,253,120,5,92,138,114,104,119,132,180,254,253,189,143,148,140,127,94,96,128,130,138,59,26,30,128,150,135,57,7,57,147,211,245,148,9,109,146,70,119,138,182,253,253,190,142,142,135,139,136,135,138,136,139,143,123,144,142,140,144,151,119,38,8,60,132,157,15,82,150,143,143,135,182,253,253,192,142,142,141,109,65,28,59,110,134,142,113,95,122,125,116,114,125,146,109,40,18,13,55,139,143,131,137,135,180,253,254,192,141,148,79,38,44,118,78,14,35,133,75,55,106,82,66,66,89,143,148,148,130,130,148,150,90,39,85,136,179,253,254,191,146,128,65,223,234,254,255,237,36,85,156,149,149,150,153,155,157,151,148,148,152,152,146,148,146,143,139,132,182,253,253,196,117,40,63,96,89,85,91,107,46,27,58,52,49,47,46,48,49,52,51,50,51,52,50,51,56,51,90,134,179,253,252,228,149,105,106,101,103,105,106,105,114,110,100,100,101,102,100,100,104,106,107,105,101,100,102,105,109,112,130,151,212,252
